{
  "Total" : {
    "transaction" : "Total",
    "sampleCount" : 515,
    "errorCount" : 455,
    "errorPct" : 88.34952,
    "meanResTime" : 56.71067961165049,
    "medianResTime" : 40.0,
    "minResTime" : 32.0,
    "maxResTime" : 1384.0,
    "pct1ResTime" : 50.0,
    "pct2ResTime" : 55.19999999999999,
    "pct3ResTime" : 1035.84,
    "throughput" : 17.281299285258882,
    "receivedKBytesPerSec" : 24.067361676202143,
    "sentKBytesPerSec" : 3.6941005545115937
  },
  "Search By UserName" : {
    "transaction" : "Search By UserName",
    "sampleCount" : 515,
    "errorCount" : 455,
    "errorPct" : 88.34952,
    "meanResTime" : 56.71067961165049,
    "medianResTime" : 40.0,
    "minResTime" : 32.0,
    "maxResTime" : 1384.0,
    "pct1ResTime" : 50.0,
    "pct2ResTime" : 55.19999999999999,
    "pct3ResTime" : 1035.84,
    "throughput" : 17.281299285258882,
    "receivedKBytesPerSec" : 24.067361676202143,
    "sentKBytesPerSec" : 3.6941005545115937
  }
}