{
  "Update Delivery Date Line Item" : {
    "transaction" : "Update Delivery Date Line Item",
    "sampleCount" : 35,
    "errorCount" : 0,
    "errorPct" : 0.0,
    "meanResTime" : 1026.9714285714285,
    "medianResTime" : 998.0,
    "minResTime" : 924.0,
    "maxResTime" : 1404.0,
    "pct1ResTime" : 1153.8,
    "pct2ResTime" : 1228.799999999999,
    "pct3ResTime" : 1404.0,
    "throughput" : 0.5136408329786766,
    "receivedKBytesPerSec" : 0.312999882596381,
    "sentKBytesPerSec" : 1.205866443294052
  },
  "Search By PO Approver" : {
    "transaction" : "Search By PO Approver",
    "sampleCount" : 74,
    "errorCount" : 0,
    "errorPct" : 0.0,
    "meanResTime" : 1274.3378378378375,
    "medianResTime" : 1210.5,
    "minResTime" : 1131.0,
    "maxResTime" : 2049.0,
    "pct1ResTime" : 1539.5,
    "pct2ResTime" : 1662.75,
    "pct3ResTime" : 2049.0,
    "throughput" : 0.659771754636234,
    "receivedKBytesPerSec" : 0.43878269603691156,
    "sentKBytesPerSec" : 1.4865151485600927
  },
  "ReOpen PO LineItem" : {
    "transaction" : "ReOpen PO LineItem",
    "sampleCount" : 48,
    "errorCount" : 0,
    "errorPct" : 0.0,
    "meanResTime" : 1652.2083333333335,
    "medianResTime" : 1620.0,
    "minResTime" : 862.0,
    "maxResTime" : 5994.0,
    "pct1ResTime" : 2663.4,
    "pct2ResTime" : 3966.95,
    "pct3ResTime" : 5994.0,
    "throughput" : 0.5834305717619602,
    "receivedKBytesPerSec" : 0.4340594309120964,
    "sentKBytesPerSec" : 1.3108670781067677
  },
  "Close PO LineItem" : {
    "transaction" : "Close PO LineItem",
    "sampleCount" : 43,
    "errorCount" : 0,
    "errorPct" : 0.0,
    "meanResTime" : 1137.5348837209303,
    "medianResTime" : 1038.0,
    "minResTime" : 953.0,
    "maxResTime" : 3009.0,
    "pct1ResTime" : 1489.2000000000005,
    "pct2ResTime" : 1903.9999999999998,
    "pct3ResTime" : 3009.0,
    "throughput" : 0.5425251391009223,
    "receivedKBytesPerSec" : 0.4113787550940587,
    "sentKBytesPerSec" : 1.2179462663546097
  },
  "Search By Invoice Approver" : {
    "transaction" : "Search By Invoice Approver",
    "sampleCount" : 74,
    "errorCount" : 0,
    "errorPct" : 0.0,
    "meanResTime" : 3931.8783783783774,
    "medianResTime" : 3497.5,
    "minResTime" : 3111.0,
    "maxResTime" : 13710.0,
    "pct1ResTime" : 5220.0,
    "pct2ResTime" : 6418.5,
    "pct3ResTime" : 13710.0,
    "throughput" : 0.6061052821256275,
    "receivedKBytesPerSec" : 3.625505578318631,
    "sentKBytesPerSec" : 1.370335766456987
  },
  "Search By Date Range" : {
    "transaction" : "Search By Date Range",
    "sampleCount" : 69,
    "errorCount" : 0,
    "errorPct" : 0.0,
    "meanResTime" : 11396.782608695652,
    "medianResTime" : 10817.0,
    "minResTime" : 8504.0,
    "maxResTime" : 42882.0,
    "pct1ResTime" : 13655.0,
    "pct2ResTime" : 16373.0,
    "pct3ResTime" : 42882.0,
    "throughput" : 0.5695277871781961,
    "receivedKBytesPerSec" : 36.539895576254814,
    "sentKBytesPerSec" : 1.2664206751999538
  },
  "ReOpen PO" : {
    "transaction" : "ReOpen PO",
    "sampleCount" : 50,
    "errorCount" : 0,
    "errorPct" : 0.0,
    "meanResTime" : 2832.7399999999993,
    "medianResTime" : 2662.0,
    "minResTime" : 863.0,
    "maxResTime" : 7679.0,
    "pct1ResTime" : 6145.799999999998,
    "pct2ResTime" : 7173.349999999999,
    "pct3ResTime" : 7679.0,
    "throughput" : 0.5600734816407913,
    "receivedKBytesPerSec" : 0.3620568768622443,
    "sentKBytesPerSec" : 1.2328179957210386
  },
  "Search By Company Code" : {
    "transaction" : "Search By Company Code",
    "sampleCount" : 60,
    "errorCount" : 0,
    "errorPct" : 0.0,
    "meanResTime" : 3879.7666666666664,
    "medianResTime" : 3385.0,
    "minResTime" : 865.0,
    "maxResTime" : 10051.0,
    "pct1ResTime" : 6373.099999999999,
    "pct2ResTime" : 7038.549999999998,
    "pct3ResTime" : 10051.0,
    "throughput" : 0.6124198750663454,
    "receivedKBytesPerSec" : 27.369476817993917,
    "sentKBytesPerSec" : 1.3779447188992775
  },
  "Decrease Price Line Item" : {
    "transaction" : "Decrease Price Line Item",
    "sampleCount" : 40,
    "errorCount" : 0,
    "errorPct" : 0.0,
    "meanResTime" : 1052.725,
    "medianResTime" : 980.0,
    "minResTime" : 929.0,
    "maxResTime" : 1936.0,
    "pct1ResTime" : 1303.4999999999998,
    "pct2ResTime" : 1544.7999999999993,
    "pct3ResTime" : 1936.0,
    "throughput" : 0.5140925623658539,
    "receivedKBytesPerSec" : 0.3524345495906538,
    "sentKBytesPerSec" : 1.1862786285295668
  },
  "Load PO Line Item Data" : {
    "transaction" : "Load PO Line Item Data",
    "sampleCount" : 53,
    "errorCount" : 0,
    "errorPct" : 0.0,
    "meanResTime" : 902.0943396226414,
    "medianResTime" : 871.0,
    "minResTime" : 826.0,
    "maxResTime" : 1324.0,
    "pct1ResTime" : 995.0,
    "pct2ResTime" : 1083.4999999999998,
    "pct3ResTime" : 1324.0,
    "throughput" : 0.5633024402686846,
    "receivedKBytesPerSec" : 1.509318819217116,
    "sentKBytesPerSec" : 1.1645617832507866
  },
  "Search By PO Owner" : {
    "transaction" : "Search By PO Owner",
    "sampleCount" : 75,
    "errorCount" : 0,
    "errorPct" : 0.0,
    "meanResTime" : 4631.506666666666,
    "medianResTime" : 4146.0,
    "minResTime" : 3855.0,
    "maxResTime" : 9893.0,
    "pct1ResTime" : 6265.400000000005,
    "pct2ResTime" : 7559.8,
    "pct3ResTime" : 9893.0,
    "throughput" : 0.620275567758903,
    "receivedKBytesPerSec" : 4.269401961311345,
    "sentKBytesPerSec" : 1.3938997319375754
  },
  "Load PO Header And Line Item Data" : {
    "transaction" : "Load PO Header And Line Item Data",
    "sampleCount" : 52,
    "errorCount" : 0,
    "errorPct" : 0.0,
    "meanResTime" : 982.3846153846155,
    "medianResTime" : 893.5,
    "minResTime" : 829.0,
    "maxResTime" : 1728.0,
    "pct1ResTime" : 1336.3,
    "pct2ResTime" : 1482.7999999999993,
    "pct3ResTime" : 1728.0,
    "throughput" : 0.5612338510355844,
    "receivedKBytesPerSec" : 1.667122135144032,
    "sentKBytesPerSec" : 1.164669856885368
  },
  "Total" : {
    "transaction" : "Total",
    "sampleCount" : 810,
    "errorCount" : 0,
    "errorPct" : 0.0,
    "meanResTime" : 3057.124691358028,
    "medianResTime" : 1371.0,
    "minResTime" : 826.0,
    "maxResTime" : 42882.0,
    "pct1ResTime" : 7201.699999999999,
    "pct2ResTime" : 10044.4,
    "pct3ResTime" : 13642.13,
    "throughput" : 6.084004326403077,
    "receivedKBytesPerSec" : 64.96326477248829,
    "sentKBytesPerSec" : 13.591614613064836
  },
  "Close PO" : {
    "transaction" : "Close PO",
    "sampleCount" : 49,
    "errorCount" : 0,
    "errorPct" : 0.0,
    "meanResTime" : 3738.632653061225,
    "medianResTime" : 3567.0,
    "minResTime" : 1642.0,
    "maxResTime" : 7266.0,
    "pct1ResTime" : 6415.0,
    "pct2ResTime" : 6528.5,
    "pct3ResTime" : 7266.0,
    "throughput" : 0.5853192378904617,
    "receivedKBytesPerSec" : 0.350717930627725,
    "sentKBytesPerSec" : 1.2872450427044138
  },
  "Update PO Invoice Approver" : {
    "transaction" : "Update PO Invoice Approver",
    "sampleCount" : 50,
    "errorCount" : 0,
    "errorPct" : 0.0,
    "meanResTime" : 1039.8199999999997,
    "medianResTime" : 1026.0,
    "minResTime" : 916.0,
    "maxResTime" : 1788.0,
    "pct1ResTime" : 1120.2,
    "pct2ResTime" : 1166.6,
    "pct3ResTime" : 1788.0,
    "throughput" : 0.5546557806225457,
    "receivedKBytesPerSec" : 0.3358267421738069,
    "sentKBytesPerSec" : 1.2940162694406852
  },
  "Decrease Quantity Line Item" : {
    "transaction" : "Decrease Quantity Line Item",
    "sampleCount" : 38,
    "errorCount" : 0,
    "errorPct" : 0.0,
    "meanResTime" : 1118.2894736842104,
    "medianResTime" : 1022.0,
    "minResTime" : 925.0,
    "maxResTime" : 1987.0,
    "pct1ResTime" : 1343.8000000000009,
    "pct2ResTime" : 1912.8999999999999,
    "pct3ResTime" : 1987.0,
    "throughput" : 0.4935513618121128,
    "receivedKBytesPerSec" : 0.3507827010247685,
    "sentKBytesPerSec" : 1.1393842216175498
  }
}